7,97,11,6,99,97,26,90,49,39,7,75,93,106,11,96,93,74,86,51,79,113,47,113,94,31,44,16,89,107
49,7,40,99,117,70,47,6,12,18,32,42,17,80,91,109,119,111,21,112,56,87,3,72,109,120,89,2,1,103
52,14,26,68,120,28,91,84,64,65,78,30,96,92,19,105,87,69,3,78,62,107,37,88,90,16,101,42,88,92
122,27,39,108,74,104,61,52,37,23,26,88,46,79,71,65,46,51,27,31,77,45,49,36,69,112,50,99,3,60
43,7,21,98,65,16,43,116,81,50,73,90,17,54,109,35,57,100,109,98,58,53,7,27,31,36,104,110,116,69
114,61,54,77,22,24,17,50,75,51,2,84,113,82,70,84,23,24,76,77,14,62,27,67,93,52,22,101,98,44
3,105,116,41,43,45,79,113,49,127,127,117,25,75,26,8,59,28,90,31,49,93,35,100,82,12,101,76,90,5
94,23,119,45,89,15,21,68,63,9,108,80,88,33,10,37,45,17,100,112,71,85,27,56,31,36,33,20,35,18
42,93,79,61,102,77,122,31,89,89,51,15,34,27,123,83,67,126,117,83,32,50,95,32,90,1,126,45,56,110
125,119,62,27,96,15,84,127,84,120,76,3,19,78,40,55,49,15,50,10,25,7,10,98,106,18,44,52,96,62
6,45,83,87,2,1,79,83,95,70,69,90,46,51,114,43,8,10,6,8,94,108,112,82,115,3,101,49,98,19
4,88,124,1,121,78,117,74,16,85,108,64,58,85,95,73,27,74,20,52,59,80,114,104,33,56,94,97,78,81
22,127,81,72,26,19,25,108,58,31,68,94,31,85,117,75,52,122,88,94,33,72,97,45,112,65,117,81,89,79
33,53,54,119,45,92,104,11,82,9,24,59,40,69,109,105,39,99,118,10,116,26,71,45,4,65,120,119,113,76
80,121,32,39,28,52,32,105,21,87,3,80,56,28,52,74,96,34,44,92,117,38,41,48,78,58,114,126,125,109
40,98,69,3,36,86,120,82,109,102,127,127,57,29,9,22,109,93,83,49,53,93,58,62,54,107,60,123,26,47
81,106,116,127,109,114,123,1,81,60,105,64,80,26,67,91,25,20,85,123,62,16,84,113,37,101,15,89,42,55
42,105,31,115,34,121,97,94,56,34,47,12,74,50,14,110,21,41,122,21,121,82,21,65,29,119,117,37,10,91
77,16,20,105,85,110,77,53,1,75,55,11,65,96,115,119,36,59,73,1,57,41,37,89,5,11,8,116,40,1
44,49,11,76,107,75,11,124,18,85,56,78,48,119,90,113,14,102,54,46,46,3,67,47,112,37,37,59,115,71
88,68,15,75,113,92,110,73,88,101,75,96,34,15,3,55,101,79,111,66,38,68,60,80,15,125,46,126,91,111
81,116,106,65,40,107,117,109,33,44,77,84,58,95,101,16,64,26,120,88,51,5,58,21,30,44,84,120,120,28
109,38,34,7,15,122,28,39,106,39,119,72,77,126,69,119,58,63,6,69,51,70,17,94,53,79,52,2,87,121
82,10,90,58,53,1,111,100,32,47,11,35,98,83,74,53,76,15,21,44,112,92,97,6,46,105,93,33,8,3
1,84,50,28,52,56,70,27,33,62,87,89,32,81,13,10,74,123,75,101,51,4,4,109,24,32,23,92,4,16
83,109,100,8,125,48,79,69,98,45,95,123,31,25,85,84,111,110,95,33,4,99,118,56,67,100,67,108,60,96
96,42,97,110,114,6,28,91,16,68,34,22,58,118,28,20,123,66,39,86,106,93,33,94,82,9,83,49,114,23
91,36,78,20,76,84,106,80,90,68,109,23,80,72,100,76,17,114,122,102,34,77,72,40,113,28,87,123,109,31
82,114,76,67,98,71,25,95,119,106,51,115,23,92,83,41,122,101,51,61,20,35,36,29,69,8,79,17,105,103
59,40,107,17,68,41,103,68,53,9,96,66,98,39,30,80,105,26,74,124,67,94,13,108,105,63,112,116,74,65
